{
  "$schema": "https://developer.microsoft.com/json-schemas/spfx-build/spfx-serve.schema.json",
  "port": 4321,
  "https": true,
  "serveConfigurations": {
    "default": {
      "pageUrl": "https://hi3gtest.sharepoint.com/sites/dev-anil-standard-communication/SitePages/Home.aspx",
      "customActions": {
        "73e36a43-f43d-468d-95c7-795fb20aea3d": {
          "location": "ClientSideExtension.ApplicationCustomizer",
          "properties": {
            "Top": "Top Placeholder property page",
            "Bottom": "Bottom Placeholder property page"
          }
        }
      }
    },
    "hubNavigation": {
      "pageUrl": "https://hi3gtest.sharepoint.com/sites/dev-anil-standard-communication/SitePages/Home.aspx",
      "customActions": {
        "73e36a43-f43d-468d-95c7-795fb20aea3d": {
          "location": "ClientSideExtension.ApplicationCustomizer",
          "properties": {
            "testMessage": "Test message"
          }
        }
      }
    }
  }
}
